<?xml version="1.0" encoding="UTF-8"?>
<configurationDescriptor version="51">
  <logicalFolder name="root" displayName="root" projectFiles="true">
    <logicalFolder name="HeaderFiles"
                   displayName="Header Files"
                   projectFiles="true">
    </logicalFolder>
    <logicalFolder name="ResourceFiles"
                   displayName="Resource Files"
                   projectFiles="true">
    </logicalFolder>
    <logicalFolder name="SourceFiles"
                   displayName="Source Files"
                   projectFiles="true">
    </logicalFolder>
    <logicalFolder name="ExternalFiles"
                   displayName="Important Files"
                   projectFiles="false">
      <itemPath>Makefile</itemPath>
    </logicalFolder>
    <itemPath>ListenerSerial.cpp</itemPath>
    <itemPath>MessagesQueue.h</itemPath>
    <itemPath>SerialPort.cpp</itemPath>
    <itemPath>SerialPort.h</itemPath>
  </logicalFolder>
  <projectmakefile>Makefile</projectmakefile>
  <confs>
    <conf name="Debug" type="1">
      <toolsSet>
        <developmentServer>localhost</developmentServer>
        <compilerSet>GNU|GNU</compilerSet>
        <platform>2</platform>
      </toolsSet>
      <compileType>
        <linkerTool>
          <linkerLibItems>
          </linkerLibItems>
        </linkerTool>
      </compileType>
      <item path="ListenerSerial.cpp">
        <itemTool>1</itemTool>
      </item>
      <item path="MessagesQueue.h">
        <itemTool>3</itemTool>
      </item>
      <item path="SerialPort.cpp">
        <itemTool>1</itemTool>
      </item>
      <item path="SerialPort.h">
        <itemTool>3</itemTool>
      </item>
    </conf>
    <conf name="Release" type="1">
      <toolsSet>
        <developmentServer>localhost</developmentServer>
        <compilerSet>GNU|GNU</compilerSet>
        <platform>2</platform>
      </toolsSet>
      <compileType>
        <cCompilerTool>
          <developmentMode>5</developmentMode>
        </cCompilerTool>
        <ccCompilerTool>
          <developmentMode>5</developmentMode>
        </ccCompilerTool>
        <fortranCompilerTool>
          <developmentMode>5</developmentMode>
        </fortranCompilerTool>
        <linkerTool>
          <linkerLibItems>
          </linkerLibItems>
        </linkerTool>
      </compileType>
      <item path="ListenerSerial.cpp">
        <itemTool>1</itemTool>
      </item>
      <item path="MessagesQueue.h">
        <itemTool>3</itemTool>
      </item>
      <item path="SerialPort.cpp">
        <itemTool>1</itemTool>
      </item>
      <item path="SerialPort.h">
        <itemTool>3</itemTool>
      </item>
    </conf>
  </confs>
</configurationDescriptor>
