<?xml version="1.0" encoding="UTF-8"?>
<project-private xmlns="http://www.netbeans.org/ns/project-private/1">
    <editor-bookmarks xmlns="http://www.netbeans.org/ns/editor-bookmarks/1">
        <file>
            <url>src/maquinavirtual/Consola.java</url>
            <line>18</line>
            <line>19</line>
            <line>45</line>
            <line>48</line>
            <line>57</line>
            <line>219</line>
            <line>220</line>
            <line>227</line>
            <line>229</line>
            <line>477</line>
            <line>478</line>
        </file>
    </editor-bookmarks>
</project-private>
